"Id";"Designator";"Package";"Quantity";"Designation";"Supplier and ref";
1;"H2,H4,H2,H4,H3,H3,H2";"SolderWirePad_1x01_Drill1mm";7;"MountingHole_Pad";;;
2;"C1,C4";"C_0805_2012Metric";2;"10uF";;;
3;"C5,C2,C6,C3";"C_0805_2012Metric";4;"22uf";;;
4;"H2";"SolderWirePad_1x01_Drill1mm";1;"w";;;
5;"R2";"R_0603_1608Metric";1;"100k";;;
6;"Q1";"SOT-23";1;"KIA3415";;;
7;"U1";"SOP-8_3.9x4.9mm_P1.27mm";1;"LED2000SO-8";;;
8;"C7,C8";"C_0805_2012Metric";2;"220nf";;;
9;"L1";"L_Taiyo-Yuden_MD-5050";1;"2.2uH";;;
10;"R2";"R_1206_3216Metric";1;"0.033";;;
